Title,Organization,Price,Info
"Revit Arquitectura / Curso Avanzado / 2023
De la metodología CAD a la metodología BIM.",Lou Pedraza,"Precio actual
14,99 €
Precio original
84,99 €",11 horas en total59 clasesExperto
"Curso de Autodesk Inventor 2021
¿Te gustaría ser más productivo y desarrollar proyectos de la industria Mecánica, Industrial y de Manufactura?",Juan Jose Ramos,"Precio actual
14,99 €
Precio original
19,99 €","6,5 horas en total48 clasesTodos los niveles"
"Principios de diseño para láminas de presentación
Da tus primeros pasos y aprende a cómo diagramar láminas para tu presentación",Daniel Sánchez,"Precio actual
14,99 €
Precio original
19,99 €",5 horas en total58 clasesPrincipiante
"Curso HTML5 principiante desde cero (0)
De la tierra a la Luna! Hacemos nuestro primer viaje en el mundo de HTML!",Arcux Educacion,"Precio actual
14,99 €
Precio original
19,99 €",1 hora en total10 clasesTodos los niveles
"Fundamentos de UX/ UI para Principiantes
Maneja desde conocimientos básicos hasta el desarrollo y aplicación de diseño Interfaces de Usuario UX/UI",Luis David Garcia Luis,"Precio actual
14,99 €
Precio original
89,99 €","3,5 horas en total18 clasesTodos los niveles"
"Curso de creación de imágenes con IA
Descubre el poder de la IA para diseñar imágenes sorprendentes y realistas",Shodyamsu Gisah,"Precio actual
14,99 €
Precio original
69,99 €",1 hora en total16 clasesTodos los niveles
"FreeCAD en un día
Aprende diseño 3D profesional con FreeCAD, software libre y gratuito.",Alexis Ariel Puljiz,"Precio actual
14,99 €
Precio original
49,99 €",3 horas en total15 clasesIntermedio
"Diseño de láminas de presentación arquitectónica
prende a presentar tus proyectos arquitectónicos de forma didáctica y atractiva",Jose David Contreras Bueno,"Precio actual
14,99 €
Precio original
19,99 €","4,5 horas en total62 clasesIntermedio"
"Aprende a ser Designer con la inteligencia artificial
Únete a nosotros y descubre cómo puedes llevar tus habilidades al siguiente nivel.",Lenin Carrillo,"Precio actual
14,99 €
Precio original
49,99 €",1 hora en total5 clasesTodos los niveles
"El viaje del diseñador: Curso teórico de videojuegos
Aprende sobre el noble arte de diseñar videojuegos",Andreas Lang,"Precio actual
14,99 €
Precio original
94,99 €","25,5 horas en total171 clasesTodos los niveles"
"Cinema 4D Se un Padawan en ESPAÑOL
Cinema 4D para todos los Niveles y especializaciones en Animación, Riggin, Textura, y MÁS",Libel Academy,"Precio actual
14,99 €
Precio original
84,99 €",25 horas en total219 clasesTodos los niveles
"Escenas exteriores con Sketchup y V-Ray
Aprende a crear impresionantes escenas exteriores como un profesional",Monica Torrero,"Precio actual
14,99 €
Precio original
19,99 €",6 horas en total31 clasesPrincipiante
"Modelado de Edificaciones con Archicad
Modela, diseña, construye, publica y presenta todo tipo de edificación en un entorno BIM",Ruth Cepero,"Precio actual
14,99 €
Precio original
59,99 €",16 horas en total74 clasesPrincipiante
"Aprender mandala de puntos: Clase magistral de pintura de pu
Desglose de todas las herramientas y técnicas con algunos hermosos proyectos de patrones artísticos",Marlon Ceballos,"Precio actual
14,99 €
Precio original
94,99 €","4,5 horas en total29 clasesPrincipiante"
"Martillo Pirata en Blender 2.83 y ZBrush 2020
Complementado con Marmoset 2019","Miguel Angel Soto, SDQ Training Center","Precio actual
14,99 €
Precio original
19,99 €",15 horas en total14 clasesPrincipiante
"Arco Orgánico de Globos - Nivel Principiante
Aprende desde el inicio como realizar un arco orgánico con globos rápido y fácil!","Joel Combes, SDQ Training Center","Precio actual
14,99 €
Precio original
39,99 €",30 minutos en total8 clasesPrincipiante
"Guía Esencial de SketchUp Pro
¡Modela, gestiona, visualiza, documenta, presenta un proyecto con lo mejor que tiene SketchUp Pro!",Daniel Nuñez,"Precio actual
14,99 €
Precio original
49,99 €",15 horas en total173 clasesTodos los niveles
"Autodesk Inventor: Basico e Intermedio 2023 (cero a experto)
Con los conocimientos aprendidos podras llevar a cabo cualquier diseño, modelado 3D, ensamble, planos y herramientas CAD",Valentyn-Vladyslav Kotsarenko,"Precio actual
14,99 €
Precio original
94,99 €","9,5 horas en total11 clasesTodos los niveles"
"Arquitectura virtual interactiva con Unreal Engine 5
Aprende a usar la herramienta más potente para renderizado en tiempo real.",Astrid Diaz,"Precio actual
14,99 €
Precio original
94,99 €",16 horas en total94 clasesExperto
"Aprende Photoshop de 0 a Intermedio
Potencia tus habilidades de diseño y edición con esta poderosa herramienta, clave para potenciar redes comunicacionales.",Santiago Martinez Martinez,"Precio actual
14,99 €
Precio original
94,99 €",3 horas en total13 clasesTodos los niveles
"Adobe Photoshop CC 2023 Introducción para principiantes
Aprende a editar | dibujar | diseñar | componer fotos con el editor de fotos","Marcelo Concha, Kevin Valenzuela","Precio actual
14,99 €
Precio original
94,99 €",4 horas en total32 clasesPrincipiante
"Blender: Modelado, Texturizado y Render de Barril estilizado
Aprende el flujo de trabajo completo, desde modelado hasta el render final en la creación de objetos estilizados.",Andreas Lang,"Precio actual
14,99 €
Precio original
19,99 €","1,5 horas en total6 clasesPrincipiante"
"Tekla Stuctures 2021, Diseño en concreto armado
TEKLA STRUCTURES",Vasily Baglaenko,"Precio actual
14,99 €
Precio original
84,99 €",2 horas en total15 clasesTodos los niveles
"Planos a color con Adobe Photoshop
¡Dale color a tus planos en pocos minutos con Photoshop!",Angel Matos,"Precio actual
199,99 €","1,5 horas en total19 clasesPrincipiante"
"Fundamentos Houdini SideFX en Español
Fundamentos básicos del programa Houdini SideFX completamente en Español",Arcux Educacion,"Precio actual
14,99 €
Precio original
54,99 €","4,5 horas en total58 clasesPrincipiante"
"Técnicas de ilustración, lápiz de color, marcadores, gouache
3 técnicas en un solo curso!",Emmanuel Alejandro Garcia,"Precio actual
14,99 €
Precio original
94,99 €",3 horas en total20 clasesPrincipiante
"Anime Hardsurface en ZBrush 2019
ZBrush intermedio y hardsurface",Begoña Salas,"Precio actual
14,99 €
Precio original
19,99 €",25 horas en total74 clasesIntermedio
"Animación 3d de Personajes con 3ds Max y Character Studio
Animación 3d de Personajes con Autodesk 3ds Max y Character Studio (Biped) para Videojuegos, Animación, Publicidad, etc",Libel Academy,"Precio actual
14,99 €
Precio original
94,99 €","15,5 horas en total154 clasesExperto"
"Onshape Course
Learn Onshape in an easy and practical way.",Rubén Alvarez,"Precio actual
14,99 €
Precio original
19,99 €",7 horas en total115 clasesIntermedio
"Elabora un proyecto de interiorismo residencial desde cero.
Además te brindaremos plantillas de propuestas, portafolio y una lista de más de 30 proveedores en Perú.",Paulo Villarreal,"Precio actual
14,99 €
Precio original
19,99 €","1,5 horas en total12 clasesPrincipiante"
"3ds Max: Configuración, primeros pasos y modificadores
¡Modelado 3d desde cero!",Gisella Diaz,"Precio actual
14,99 €
Precio original
19,99 €",31 minutos en total14 clasesPrincipiante
"Curso de Iniciación al Diseño de Vestuario Audiovisual
Como construir un personaje a partir del vestuario",Paulina Parra,"Precio actual
14,99 €
Precio original
49,99 €",2 horas en total7 clasesPrincipiante
"Creación de personajes en Maya - The Bear
Maya para principiantes",Josefina Vecchietti,"Precio actual
14,99 €
Precio original
94,99 €","23,5 horas en total29 clasesPrincipiante"
"Rigging de personajes en Maya - Ratón
Rigging de personajes para animación con rigging facil avanzado",Ruth Cepero,"Precio actual
14,99 €
Precio original
94,99 €","10,5 horas en total14 clasesIntermedio"
"Personajes en Blender - Gato Japones
Complementado con Substance Painter",Marlon Ceballos,"Precio actual
14,99 €
Precio original
19,99 €",33 horas en total17 clasesPrincipiante
"Aprende a usar ENSCAPE en Revit
Aprovecha todo el potencial de este poderoso motor de render integrado con Revit para tus presentaciones de proyectos","Miguel Angel Soto, SDQ Training Center","Precio actual
19,99 €",42 minutos en total7 clasesExperto
"Curso de Canva para escritores
Nuevo curso Básico de Canva","Joel Combes, SDQ Training Center","Precio actual
14,99 €
Precio original
29,99 €","1,5 horas en total9 clasesTodos los niveles"
"DIALux EVO: Curso completo de DIALux EVO paso a paso (V11)
Curso completo del programa DIALux EVO paso a paso (Versión 11) Solicita un 50% de descuento --> Mira en la descripción",Daniel Nuñez,"Precio actual
14,99 €
Precio original
49,99 €",3 horas en total9 clasesTodos los niveles
"Diseño gráfico para principiantes
Conoce los secretos de los diseñadores profesionales para crear piezas gráficas sin la necesidad de usar canva",Libel Academy,"Precio actual
14,99 €
Precio original
94,99 €","1,5 horas en total22 clasesTodos los niveles"
"Rigging en MAYA para principiantes - Zombie
Introducción al rigging",Libel Academy,"Precio actual
14,99 €
Precio original
94,99 €",8 horas en total12 clasesPrincipiante
"Personajes en Blender - The Fisher
Aprende Blender desde cero",Libel Academy,"Precio actual
14,99 €
Precio original
94,99 €","19,5 horas en total29 clasesPrincipiante"
"Rigging de personajes en Maya - The Bear
Rigging para videojuegos llevado a Unreal Engine 5",Noel José Rojas Cabello,"Precio actual
14,99 €
Precio original
94,99 €",10 horas en total13 clasesPrincipiante
"Emprende tu negocio de Impresión 3D, SolidWorks, Canva
¡Aprende Modelado y Diseño 3D con productos reales, fabricación, plantillas y todo para empezar!",Alex Rojas,"Precio actual
14,99 €
Precio original
49,99 €",4 horas en total23 clasesTodos los niveles
"Curso The Foundry Nuke en ESPAÑOL - VFX Compositing
Basic Training Curso de composicion digital de video - Nuke101",Svetoslav Tihomirov,"Precio actual
14,99 €
Precio original
39,99 €",12 horas en total30 clasesPrincipiante
"Blender para principiantes - Nomo
Creación de personajes para publicidad",Johnny Mora,"Precio actual
14,99 €
Precio original
94,99 €",5 horas en total6 clasesPrincipiante
"Introducción al Modelado 3D con Blender
Aprende las bases del modelado 3D, creando 3 llamativos escenarios 3D con Blender",Libel Academy,"Precio actual
14,99 €
Precio original
49,99 €","33,5 horas en total264 clasesPrincipiante"
"Substance Painter para Principiantes - The Bear
Texturas en Substance Painter",Libel Academy,"Precio actual
14,99 €
Precio original
19,99 €",5 horas en total8 clasesPrincipiante
"Experto DecoACCIÓN Home Staging
Experto en Decoración y Home Staging",Libel Academy,"Precio actual
39,99 €","13,5 horas en total129 clasesExperto"
"SolidWorks Motion- Crea animacione en SolidWorks
Anima tus proyectos en SolidWorks Motion",Ivan Andres Burgos Castro,"Precio actual
14,99 €
Precio original
19,99 €","5,5 horas en total28 clasesIntermedio"
"Ilustrando con Adobe Illustrator
Aprende a usar Adobe Illustrator para Ilustración vectorial",Fabrizio Vera,"Precio actual
14,99 €
Precio original
19,99 €","3,5 horas en total31 clasesIntermedio"
"Personajes en Blender - Elfa Hardsurface
Aprende escultura y hardsurface en Blender",Libel Academy,"Precio actual
14,99 €
Precio original
39,99 €","32,5 horas en total16 clasesIntermedio"
"Blender, Introducción a la creación de personajes 3D
Aprende con Blender el flujo de trabajo de creación de personajes para animación 3D o videojuegos.",Cisco Raya,"Precio actual
14,99 €
Precio original
39,99 €","8,5 horas en total43 clasesPrincipiante"
"Blender, Introducción al 3D
Aprende Blender desde cero. Desde el modelado hasta el render final.",Libel Academy,"Precio actual
14,99 €
Precio original
19,99 €","14,5 horas en total102 clasesPrincipiante"
"Iluminación en Maya con Arnold
Luces, Filtros, Passes de Render y Composición en Nuke","Sandra Rubio, Joana Aranda","Precio actual
54,99 €","1,5 horas en total18 clasesPrincipiante"
"AutoCAD 2023 - Dibuja desde cero un plano de Arquitectura.
En el curso de AutoCAD 2023 aprenderás a dibujar planos en arquitectura desde cero, paso a paso.",Ruth Cepero,"Precio actual
14,99 €
Precio original
19,99 €",7 horas en total43 clasesIntermedio
"Borda y cose tu propio bolso.
Aprende a customizar tus prendas bordando, y realizar tus propios complementos.",Marlon Ceballos,"Precio actual
14,99 €
Precio original
94,99 €",1 hora en total16 clasesTodos los niveles
"Aprende AutoCad: Nivel Estudio de Arquitectura.
Aprende a manejar AutoCAD correctamente y obtén una plantilla de trabajo","Miguel Angel Soto, SDQ Training Center","Precio actual
14,99 €
Precio original
19,99 €","7,5 horas en total20 clasesTodos los niveles"
"Aprenda Microstation - Curso completo de Diseño 2D y 3D
Aprenda diseño CAD con Bentley Microstation Connect - V8","Joel Combes, SDQ Training Center","Precio actual
149,99 €","8,5 horas en total103 clasesTodos los niveles"
"Diseño estructural de MAMPOSTERÍA CONFINADA
Diseña estructuras de mampostería confinada!",Daniel Nuñez,"Precio actual
14,99 €
Precio original
49,99 €",19 horas en total18 clasesIntermedio
"Diseño de sistemas estructurales con SolidWorks
Diseño de piezas estructurales y metálicas en solidworks",Moises Baxin,"Precio actual
14,99 €
Precio original
94,99 €","19,5 horas en total40 clasesIntermedio"
"Cómo Crear una Tienda Online con Tiendanube Desde Cero 2023
Aprende a cómo crear una tienda online con Tiendanube para vender tus productos por Internet de forma fácil y simple.",Albo Ruiz,"Precio actual
14,99 €
Precio original
94,99 €","1,5 horas en total18 clasesTodos los niveles"
"Aprende a renderizar con Sketchup y Vray nivel avanzado
Presenta tus propuestas arquitectónicas a traves de fotos y videos realistas",Libel Academy,"Precio actual
14,99 €
Precio original
94,99 €","4,5 horas en total19 clasesTodos los niveles"
"Máster diseño gráfico & Curso avanzado Photoshop + InDesign
Desde iniciación a experto. Super curso de los dos programas más importantes del diseño gráfico: Photoshop + Indesign",La Fábrica LAB3D,"Precio actual
14,99 €
Precio original
94,99 €",17 horas en total98 clasesTodos los niveles
"Aprende Sketchup avanzado para proyectos arquitectonicos
Presenta tus propuestas arquitectónicas a traves de fotos y videos realistas",La Fábrica LAB3D,"Precio actual
19,99 €","4,5 horas en total19 clasesTodos los niveles"
"Programación Visual con Rhino, Grasshopper y Revit
De cero a BIM paramétrico",Nedgardo Otero,"Precio actual
14,99 €
Precio original
24,99 €","1,5 horas en total11 clasesPrincipiante"
"Diseño Generativo BIM con Revit
Optimización Propuestas con Diseño Computacional",vcecursos Consultoría & Capacitación,"Precio actual
14,99 €
Precio original
94,99 €","7,5 horas en total46 clasesTodos los niveles"
"Curso De Onshape
Aprende Onshape de manera fácil y práctica.",Vanessa Gonzalez,"Precio actual
14,99 €
Precio original
94,99 €",4 horas en total29 clasesTodos los niveles
"Curso de Figma en Español (de 0 a Experto en 5 horas)
El único curso que necesitas para aprender Figma - curso práctico en el que aprenderás a usar Figma creando proyectos",Jose Vicente Gosálbez Ortega,"Precio actual
14,99 €
Precio original
94,99 €",2 horas en total16 clasesTodos los niveles
"Inteligencia Artificial aplicada Proyectos Arquitectónicos
Aprende a generar imágenes digitales para tus diseños de Interiorismo y Arquitectura con Inteligencia Artificial (AI)","AulaGEO Academy, Golgi Alvarez","Precio actual
14,99 €
Precio original
19,99 €",3 horas en total23 clasesTodos los niveles
"Crea una tienda en línea en WordPress
Crea la tienda Online ideal para tu negocio de accesorios personales",Diseño Estructural de México,"Precio actual
14,99 €
Precio original
19,99 €","2,5 horas en total9 clasesTodos los niveles"
"Invasión kaiju: Ilustración digital de monstruos gigantes
Crea bestias enormes en escenas épicas llenas de acción, a través de la ilustración digital",Fidel Gaspar Cerqueda Bravo,"Precio actual
14,99 €
Precio original
19,99 €","25,5 horas en total43 clasesTodos los niveles"
"Adobe Illustrator de básico a avanzado
desde las versiones 2017 a 2023",Renato Jesús Yacolca Neyra,"Precio actual
14,99 €
Precio original
19,99 €","1,5 horas en total10 clasesTodos los niveles"
"Aprender animar con un programa como Moho pro
Este es el curso que estabas esperando, Rigging y Animación de personaje 2D en Moho Pro.",Luz Alejandra Cordova Urra,"Precio actual
14,99 €
Precio original
94,99 €","14,5 horas en total43 clasesIntermedio"
"Como pasar de Freelance a Agencia de Desarrollo Web
Crea una agencia de desarrollo y diseño de páginas web, pasar de Freelance a Empresa con procesos estandarizados",Manuel García Pallarés,"Precio actual
14,99 €
Precio original
94,99 €","32,5 horas en total253 clasesPrincipiante"
"Blender - EXPERTO en Modelado Hard Surface
Aprender a modelar en Hard Surface desde cero, aplicando tecnicas profesionales y evitando los errores mas comunes.",Luz Alejandra Cordova Urra,"Precio actual
54,99 €","2,5 horas en total28 clasesTodos los niveles"
"Clase magistral Diseño de personajes: diseña tus personajes
Diseña tus propios personajes y aplica los principios de diseño usando Procreate, Photoshop o tu software favorito!",Ruth Cepero,"Precio actual
14,99 €
Precio original
94,99 €","4,5 horas en total40 clasesTodos los niveles"
"Curso Corel Draw aplicado al arte
El Arte y la Tecnología",Marlon Ceballos,"Precio actual
14,99 €
Precio original
19,99 €","4,5 horas en total13 clasesTodos los niveles"
"Blender - EXPERTO en Rig y Animación de Personajes 3D
Aprende a realizar Rig en personajes 3D con Blender. Técnicas profesionales.","Miguel Angel Soto, SDQ Training Center","Precio actual
14,99 €
Precio original
94,99 €","5,5 horas en total32 clasesPrincipiante"
"Onshape: Inicia en el modelado 3D para tus proyectos
Curso 100% practico enfocado a aprender a modelar objetos para materializarlos con ayuda de una impresora 3D","Joel Combes, SDQ Training Center","Precio actual
14,99 €
Precio original
19,99 €",2 horas en total16 clasesPrincipiante
"Curso de SOLIDWORKS AVANZADO | Diseña un proyecto Industrial
Diseño y desarrollo de un sistema de transporte, pesaje y almacenado a granel, desde Cero en SolidWorks [2022]",Daniel Nuñez,"Precio actual
14,99 €
Precio original
49,99 €",13 horas en total139 clasesIntermedio
"Maestría en Solidworks 2022
Domina el programa de solidworks de 0 a 100 y se parte de los mejores de Latinoamérica",Fernando Rivera,"Precio actual
14,99 €
Precio original
94,99 €",4 horas en total30 clasesIntermedio
"Curso de Dibujo: ¡De Cero a Avanzado!
Comienza a dibujar todo aquello que siempre habías soñado",Luz Alejandra Cordova Urra,"Precio actual
14,99 €
Precio original
94,99 €",6 horas en total30 clasesIntermedio
"Revit: Modelado arquitectónico paso a paso.
Aprende a manejar el programa que está cambiando la forma de hacer arquitectura",Luz Alejandra Cordova Urra,"Precio actual
14,99 €
Precio original
94,99 €",12 horas en total136 clasesTodos los niveles
"Adobe After Effects CC Máster de Cero a Experto v2022
Efectos especiales, animaciones, partículas, colorización cinematográfica, máscaras, cámaras, luces y mucho más!",Luz Alejandra Cordova Urra,"Precio actual
14,99 €
Precio original
94,99 €","5,5 horas en total39 clasesTodos los niveles"
"Geotecnia y Cimentaciones en Construcciones y Edificaciones
Aprende los fundamentos de la Mecánica de Suelos para el Diseño de Obras y Edificaciones",Luz Alejandra Cordova Urra,"Precio actual
14,99 €
Precio original
19,99 €",7 horas en total73 clasesTodos los niveles
"Aprende diseño web con Adobe XD desde 0 a Profesional
Conviértase en un eficiente diseñador web de Adobe Xd utilizando mis métodos de flujo de trabajo.",Luz Alejandra Cordova Urra,"Precio actual
14,99 €
Precio original
29,99 €","7,5 horas en total37 clasesPrincipiante"
"Fotogrametría y Documentación Arquitectónica
Técnicas, Aplicaciones, Métodos y Sistemas Fotogramétricos para Levantamientos Arquitectónicos y Arqueológicos",Creativity Unleashed,"Precio actual
14,99 €
Precio original
24,99 €",2 horas en total21 clasesIntermedio
"Illustrator CC, Técnicas para crear diseños en 3D de 0-100
Modelado y Construcción de diseños en 3D",Maria Claudia Mejía,"Precio actual
14,99 €
Precio original
19,99 €","9,5 horas en total39 clasesPrincipiante"
"Megacurso completo de Adobe Animate: principiante a experto
Aprende a usar Adobe Animate como un profesional con este curso paso a paso",Juan Camilo Maz,"Precio actual
14,99 €
Precio original
24,99 €","2,5 horas en total24 clasesTodos los niveles"
"Curso completo de Divi para WordPress 2022
Aprende todo sobre mejor complemento de WordPress que existe",Davis Anderson Bastidas Vicente,"Precio actual
14,99 €
Precio original
19,99 €","3,5 horas en total74 clasesTodos los niveles"
"Sistemas Constructivos y Estructurales en Arquitectura
Bases del Diseño y Proyecto Constructivo y Estructural en Edificaciones. Tipologías, Técnica y Materialidad",Miguel Pena Puertolas,"Precio actual
14,99 €
Precio original
19,99 €","11,5 horas en total56 clasesPrincipiante"
"Topografía y Replanteos en Obras de Edificación
Fundamentos de los Métodos y Sistemas Actuales de Representación del Entorno Constructivo",Jonatan Momez,"Precio actual
14,99 €
Precio original
94,99 €",6 horas en total47 clasesTodos los niveles
"Organización, Planificación y Gestión de Obras Construcción
Todo sobre el proceso de planificación, coordinación, supervisión y control de un proyecto de construcción.",Diana Ielciu,"Precio actual
14,99 €
Precio original
69,99 €","1,5 horas en total5 clasesPrincipiante"
"Tipologías y Fundamentos de la Edificación Contemporánea
Historia, Tipologías, Estilos, Elementos, Técnicas y Sistemas Básicos de los Procesos Constructivos en Edificación",Felix Enzo Garofalo Lanzuisi,"Precio actual
14,99 €
Precio original
24,99 €",5 horas en total73 clasesPrincipiante
"Restauración y Conservación del Patrimonio Arquitectónico
Análisis, Mantenimiento, Rehabilitación, Reconstrucción, Conservación y Gestión del Patrimonio Arquitectónico",Yalcimar Rivero,"Precio actual
14,99 €
Precio original
94,99 €",4 horas en total44 clasesPrincipiante
"Composición, Estética y Fundamentos de la Arquitectura
Conocimiento e Interpretación de la Arquitectura y Bases Teóricas del Diseño Estético Contemporáneo",Valentyn-Vladyslav Kotsarenko,"Precio actual
14,99 €
Precio original
84,99 €","8,5 horas en total11 clasesTodos los niveles"
"Bomba Centrífuga en Autodesk Inventor
Curso paso a paso del modelado de una Bomba Centrífuga",Ruth Cepero,"Precio actual
14,99 €
Precio original
34,99 €",2 horas en total13 clasesPrincipiante
"Lumion 12 - De inicio a experto
Renderiza profesionalmente con Lumion y crea recorridos virtuales de alta calidad.",Marlon Ceballos,"Precio actual
14,99 €
Precio original
49,99 €",1 hora en total8 clasesPrincipiante
"Modelado y texturizado para videojuegos en blender
Modelado y texturizado para videojuegos en Blender 3.2.2 y Unreal Engine 5","Miguel Angel Soto, SDQ Training Center","Precio actual
14,99 €
Precio original
19,99 €",4 horas en total32 clasesIntermedio
"Framework BIM Básico con ArchiCAD
¡Construye, documenta, publica, exporta y presenta tu proyecto BIM con ArchiCAD!","Joel Combes, SDQ Training Center","Precio actual
14,99 €
Precio original
34,99 €","2,5 horas en total20 clasesTodos los niveles"
"Curso de Canva en Español | De Principiante a Emprendedor
Aprende Canva tomando este fantástico curso donde desarrollarás diferentes proyectos prácticos",Daniel Nuñez,"Precio actual
14,99 €
Precio original
49,99 €",6 horas en total16 clasesPrincipiante
"Curso de Diseño y Decoración de Interiores
Curso de Diseño y Decoración de entornos de interior",Felix Enzo Garofalo Lanzuisi,"Precio actual
14,99 €
Precio original
94,99 €",2 horas en total13 clasesTodos los niveles
"Creación PÁGINAS WEB profesionales DESDE CERO con WordPress
Todo sobre creación páginas web desde cero con CMS WordPress de manera práctica",Felix Enzo Garofalo Lanzuisi,"Precio actual
14,99 €
Precio original
94,99 €","6,5 horas en total17 clasesPrincipiante"
"Curso Básico de Canva 2023: Crea Diseños Gráficos Desde Cero
Domina Canva y crea diseños y piezas gráficas desde cero, de forma fácil y simple, sin saber de diseño gráfico.",Paulo Villarreal,"Precio actual
14,99 €
Precio original
94,99 €",9 horas en total114 clasesIntermedio
"Blender 3.x: Guía para principiantes
Nunca fue tan fácil aprender a modelar.",Todo Academia,"Precio actual
14,99 €
Precio original
94,99 €",8 horas en total103 clasesPrincipiante
"Cose una FALDA juvenil con short interior
Con patrón descargable gratis","Álvaro García, Lucía Fernández, Cursos Online Arquitectura, Formación Certificada","Precio actual
14,99 €
Precio original
49,99 €",12 horas en total90 clasesTodos los niveles
"Fotomontaje Nivel Intermedio con Photoshop
Aprende a crear composiciones fantásticas a partir de la manipulación de imágenes digitales con Photoshop.",Ulises Gibran Cano Herrera,"Precio actual
14,99 €
Precio original
69,99 €","23,5 horas en total47 clasesTodos los niveles"
"curso de canva desde cero
Curso que te enseña desde lo más básico",Alvaro Valencia (Enemicrab),"Precio actual
14,99 €
Precio original
94,99 €","4,5 horas en total9 clasesIntermedio"
"Fotomontaje Nivel Básico con Photoshop
Comienza a dar tus primeros pasos en el fotomontaje creando composiciones creativas y realistas con photoshop.",Diego Peinador Pascua,"Precio actual
14,99 €
Precio original
19,99 €",10 horas en total89 clasesIntermedio
"Diseña en Canva desde cero
Comienza a darle identidad a tu marca desde ya.",Ángel Marcelo Pace,"Precio actual
14,99 €
Precio original
19,99 €",2 horas en total20 clasesIntermedio
"Curso de Ultimaker Cura de 0 a 100
Domina el Software para impresion 3D mas importante de la industria",Federico Jauregui,"Precio actual
14,99 €
Precio original
69,99 €",7 horas en total40 clasesTodos los niveles
"Solidworks para todos: Modulo 1
Creacion de Piezas",Alfonso Alcaide,"Precio actual
14,99 €
Precio original
19,99 €",6 horas en total48 clasesTodos los niveles
"WP Rocket 2023: Mejora la Velocidad de Carga en WordPress
Aprende a cómo mejorar la velocidad de carga de un sitio web de WordPress con el plugin WP Rocket.","Marius Worch, Wencke Schaper","Precio actual
14,99 €
Precio original
19,99 €","13,5 horas en total70 clasesPrincipiante"
"Color anime digital
Desde cero",Pablo Modugno,"Precio actual
14,99 €
Precio original
19,99 €",6 horas en total126 clasesTodos los niveles
"Interpretación de Planos de Arquitectura y Construcción
Aprende a interpretar y leer correctamente todo tipo de documentación gráfica técnica arquitectónica",Alfonso Alcaide,"Precio actual
14,99 €
Precio original
24,99 €",4 horas en total30 clasesPrincipiante
"Historia de la Decoración, Interiorismo y la Arquitectura
Aprende los fundamentos históricos esenciales para Decoradores, Interioristas y Arquitectos",Rafael Lopez Barajas,"Precio actual
14,99 €
Precio original
19,99 €",8 horas en total38 clasesTodos los niveles
"Crea un avatar en 3D con tu rostro (Twich, Streamlabs)
Crea un avatar en 3D con tu rostro y con movimiento para tus notificaciones de Twich, Bits, suscripciones y otras más!!",Miguel Pena Puertolas,"Precio actual
14,99 €
Precio original
94,99 €","6,5 horas en total72 clasesTodos los niveles"
"Personaje para cinemáticas en Blender - Zorrito
Blender para cinemáticas",Ruth Cepero,"Precio actual
14,99 €
Precio original
19,99 €",9 horas en total79 clasesPrincipiante
"Diseño WEB para no programadores
Aprendé a crear tus propias páginas web profesionales sin escribir ninguna línea de código.",Marlon Ceballos,"Precio actual
14,99 €
Precio original
19,99 €","6,5 horas en total76 clasesTodos los niveles"
"Introducción al Voxel Art con MagicaVoxel
Utiliza los cubos para darle forma a tus ideas con magicavoxel","Miguel Angel Soto, SDQ Training Center","Precio actual
14,99 €
Precio original
19,99 €","3,5 horas en total18 clasesTodos los niveles"
"Curso Integral REVIT ARQUITECTURA: desde Cero
Curso desde Cero a Avanzado sobre Revit Arquitectura","Joel Combes, SDQ Training Center","Precio actual
14,99 €
Precio original
94,99 €",10 horas en total20 clasesTodos los niveles
"Encuadernación Artesanal: Cuaderno tradicional
¡Podrás aprender la técnica Cartoné + Costura francesa desde cero! NO necesitas tener conocimientos previos.",Daniel Nuñez,"Precio actual
14,99 €
Precio original
49,99 €","5,5 horas en total10 clasesPrincipiante"
"Máster en WordPress 2023, ¡Desde Cero Hasta Experto!
Aprende a crear aplicaciones web con WordPress, de forma fácil y simple, sin saber de programación.",David Julinho Caparachin Ricapa,"Precio actual
14,99 €
Precio original
94,99 €","8,5 horas en total116 clasesTodos los niveles"
"Aprende a renderizar con 3DS MAX y VRAY
Curso de 3DS MAX Y VRAY",Innovagile Hub S.A.,"Precio actual
14,99 €
Precio original
94,99 €","7,5 horas en total106 clasesTodos los niveles"
"Aprende a IMPRIMIR en 3D desde cero
Aprende a imprimir en 3D, sin importar tu nivel, tengas o no impresora",Gabrielvillegas19 Gabriel Villegas,"Precio actual
14,99 €
Precio original
94,99 €",8 horas en total122 clasesTodos los niveles
"PHOTOSHOP : Curso de Diseño Digital de 0 a 100
Domina Photoshop en nivel experto y crearás fotoMontajes, textos con asombrosos efectos, ilustraciones y diseño digital",Renato Jesús Yacolca Neyra,"Precio actual
14,99 €
Precio original
94,99 €",8 horas en total93 clasesTodos los niveles
"Aprende Catia V5 desde cero, con aplicación aeroespacial
Curso básico, con aplicación de diseño de ingeniería en 3D",Diego Andrés Muñoz Guerrero,"Precio actual
14,99 €
Precio original
49,99 €",6 horas en total64 clasesTodos los niveles
"Domina SketchUp Pro en 30 días
SketchUp PRO Básico",Sofía Fernández,"Precio actual
14,99 €
Precio original
19,99 €","10,5 horas en total153 clasesTodos los niveles"
"Robot en ZBrush - A la luz de las estrellas
Aprende ZBrush desde cero",GTS Ingeniería Integral,"Precio actual
14,99 €
Precio original
39,99 €","6,5 horas en total46 clasesIntermedio"
"Cómo crear los Backrooms en Blender
Crea el entorno de uno de los creepypastas mas famosos mientras perfeccionas tus habilidades como artista 3D.",Valentyn-Vladyslav Kotsarenko,"Precio actual
14,99 €
Precio original
94,99 €","5,5 horas en total28 clasesPrincipiante"
"Domina Adobe XD CREA PROTOTIPOS increíbles de CERO A MAESTRO
Al final de este curso podrás diseñar a medida interfaces de usuario para todo tipo de plataformas Web y Móvil","Lucía Fernández, Álvaro García","Precio actual
14,99 €
Precio original
24,99 €",29 horas en total45 clasesIntermedio
"Curso completo de Solidworks 2022
Domina y conviertete en experto con nuestro curso de Solidworks Básico - Intermedio",Iván Gómez,"Precio actual
14,99 €
Precio original
19,99 €",27 horas en total331 clasesPrincipiante
"Técnicas y Secretos de Diseño Illustrator, Curso Completo.
Manejo y Edición de diseños simples a profesionales de manera Creativa",Creativity Unleashed,"Precio actual
14,99 €
Precio original
24,99 €","4,5 horas en total38 clasesPrincipiante"
"Escultura 3D con ZBRUSH
Crea personajes para concept con ZBrush",Jesús Fernández,"Precio actual
14,99 €
Precio original
34,99 €",5 horas en total77 clasesExperto
"Diseño UI: diseño visual y diseño de interfaz con Figma 2023
Curso de UI/UX y Diseño Visual. Aprendé a diseñar páginas web y aplicaciones móviles funcionales y estéticas con Figma",Jordan Alexander,"Precio actual
14,99 €
Precio original
29,99 €",8 horas en total51 clasesTodos los niveles
"Pixel Art Desbloqueado - Diseño de Personajes - PixelArt 201
Diseño y Creación de Personajes en Pixel Art",Architale - Cursos de arquitectura,"Precio actual
14,99 €
Precio original
19,99 €",1 hora en total10 clasesPrincipiante
"Curso Básico de Cadworx Plant para Principiantes nivel 2
Conoce la continuación de curso básico del programa de diseño Cadworx Plant para plantas Industriales",Federico Rodriguez,"Precio actual
14,99 €
Precio original
19,99 €","1,5 horas en total56 clasesPrincipiante"
"Curso de SKETCHUP & Desde iniciación a nivel avanzado
Curso de Sketchup para transformar tus habilidades y convertirte en un verdadero PRO del modelado 3D","Álvaro García, Cursos Online Arquitectura, Formación Certificada","Precio actual
14,99 €
Precio original
19,99 €","1,5 horas en total17 clasesPrincipiante"
"Diseña tu Web en WordPress con Divi
Aprende a crear una web profesional paso a paso sin conocimientos previos ni códigos de programación.",Ruth Cepero,"Precio actual
14,99 €
Precio original
94,99 €",2 horas en total19 clasesIntermedio
"Crea personajes en blender + rig y animación - nivel básico
Aprende Blender desde cero",Marlon Ceballos,"Precio actual
19,99 €","1,5 horas en total13 clasesPrincipiante"
"Figma. Diseño de UI/UX Apps y Web. De principiante a Experto
Aprende a diseñar y desarrollar prototipos digitales web y app con Figma desde cero.","Miguel Angel Soto, SDQ Training Center","Precio actual
14,99 €
Precio original
19,99 €",4 horas en total28 clasesPrincipiante
"Animación 3D Técnica y Workflow de videojuegos para Maya
De la escuela a animador técnico","Joel Combes, SDQ Training Center","Precio actual
14,99 €
Precio original
19,99 €","1,5 horas en total16 clasesPrincipiante"
"MÁSTER Adobe XD. Experiencias de Usuario UI / UX. De 0 a 100
Aprende a Crear Diseños y Prototipos Realistas y Destaca del resto.",Daniel Nuñez,"Precio actual
14,99 €
Precio original
49,99 €","5,5 horas en total60 clasesTodos los niveles"
"Crea páginas web desde cero con Webflow (principiante)
Facil y rápido. Podrás tener tu página web arriba en una sola tarde.",Robin Sarmiento,"Precio actual
14,99 €
Precio original
94,99 €",4 horas en total25 clasesTodos los niveles
"MagicaCSG y Blender 3D - Modelado y Diseño para VideoJuegos
Aprende DESDE CERO a EXPERTO a Modelar 3D tus Diseños compatible con Blender y Unity para VideoJuegos, MagicaCSG.",Sergio Fácil,"Precio actual
14,99 €
Precio original
94,99 €",1 hora en total20 clasesTodos los niveles
"MÁSTER Diseño de Experiencias de Usuario Interfaz Web UX UI
Aprende desde cero UX/UI: Experiencia de Usuario, Usabilidad y Diseño de Interfaces.",Ricardo Uribe Moya,"Precio actual
14,99 €
Precio original
94,99 €","5,5 horas en total11 clasesPrincipiante"
"Creaciones con Resina Epóxica
Aprende a realizar piezas con resina epóxica",Kenneth Alvarenga,"Precio actual
14,99 €
Precio original
94,99 €","10,5 horas en total71 clasesTodos los niveles"
"Blender. Modelado 3D y Texturizado de Básico a Profesional.
Aprende a modelar, esculpir, texturizar, iluminar, animar y renderizar con Blender . De principiante a Experto.","Álvaro García, Formación Certificada, Cursos Online Arquitectura","Precio actual
14,99 €
Precio original
94,99 €",4 horas en total71 clasesTodos los niveles
"ZBrush. Modelado, Pintura y Esculpido 3D Sencillo y Potente
Aprende desde 0 Esculpido Orgánico Digitalmente con Z Brush y Diseña lo que imagines. Impartido por Arquitecto.",Alexander Burgos,"Precio actual
14,99 €
Precio original
94,99 €",31 minutos en total9 clasesPrincipiante
"Diplomado : Organización, Creatividad y Diseño de Eventos
Fórmate como Especialista de Eventos ampliando tus Oportunidades de Ingresos y Certifícate en la carrera que te apasiona","Álvaro García, Cursos Online Arquitectura","Precio actual
14,99 €
Precio original
19,99 €","22,5 horas en total14 clasesPrincipiante"
"Curso Elementor PRO Completo 2022 + Certificado
¡Construye Webs como los Profesionales SIN UTILIZAR CÓDIGO!",José Alejandro Zubieta,"Precio actual
14,99 €
Precio original
94,99 €","30,5 horas en total32 clasesPrincipiante"
"Decoración e Iluminación para Espacios Comerciales
Decora e Ilumina tu negocio con espíritu de marca",Creativity Unleashed,"Precio actual
14,99 €
Precio original
19,99 €",11 horas en total31 clasesPrincipiante
"Vectorización y dibujo de ilustraciones para estampadores
Aprende a combinar las funciones de Photoshop, Illustrator y Clip Studio Paint para realizar ilustraciones vectoriales",Yoney Gallardo,"Precio actual
14,99 €
Precio original
39,99 €","7,5 horas en total39 clasesTodos los niveles"
"Cómo Crear una Tarjeta De Presentación con WordPress 2023
Aprende a cómo crear una tarjeta de presentación con WordPress, de forma fácil y simple, sin saber de programación.","Álvaro García, Cursos Online Arquitectura","Precio actual
14,99 €
Precio original
19,99 €","1,5 horas en total12 clasesPrincipiante"
"Creación de arte digital y acuñación de NFT - Principiantes
Comienza a crear arte digital con Procreate y a acuñar tus NFT (Tokens No Fungibles) en OpenSea","Álvaro García, Formación Certificada, Cursos Online Arquitectura","Precio actual
14,99 €
Precio original
29,99 €","7,5 horas en total70 clasesTodos los niveles"
"Diseño Gráfico orientado Redes Sociales para Emprendedores
Crea tus diseños para tu emprendimiento","Álvaro García, Formación Certificada, Cursos Online Arquitectura","Precio actual
14,99 €
Precio original
19,99 €",2 horas en total8 clasesTodos los niveles
"Diseño e Impresión 3D desde cero con Onshape
Tu guía completa al mundo del Diseño e Impresión 3D","Álvaro García, Formación Certificada, Cursos Online Arquitectura","Precio actual
14,99 €
Precio original
19,99 €","1,5 horas en total13 clasesPrincipiante"
"Diseña Papelería Creativa en Power Point sin ser Diseñador
Diseña Papelería Creativa","Álvaro García, Formación Certificada, Cursos Online Arquitectura","Precio actual
14,99 €
Precio original
19,99 €",14 horas en total107 clasesTodos los niveles
"Curso de SOLIDWORKS Avanzado: Diseña un Proyecto Real - 2022
Diseña y desarrolla una plataforma elevadora hidráulicamente desde Cero en SOLIDWORKS y conviértete en un PROFESIONAL",Álvaro García,"Precio actual
14,99 €
Precio original
19,99 €",3 horas en total55 clasesPrincipiante
"Guía completa de Procreate: Empieza a Dibujar en Digital
Aprende todas las funciones de Procreate 5.2 en tan sólo 2 horas!",Ruth Cepero,"Precio actual
14,99 €
Precio original
19,99 €",5 horas en total32 clasesPrincipiante
"Solidworks Troqueles Progresivos / Logopress 3D
Crea y simula mediante elemento finito, la creacion del portamolde de troquelado",Marlon Ceballos,"Precio actual
14,99 €
Precio original
19,99 €",9 horas en total13 clasesPrincipiante
"SOLIDWORKS DE 0 A 100 BX INGENIERÍA
Aprende a crear tus proyectos con SolidWorks","Miguel Angel Soto, SDQ Training Center","Precio actual
14,99 €
Precio original
19,99 €",2 horas en total10 clasesPrincipiante
"BIM Conceptual y BIM para la Administración Pública
Curso Experto en Metodología BIM Autodesk desde 0.","Joel Combes, SDQ Training Center","Precio actual
14,99 €
Precio original
19,99 €",10 horas en total45 clasesTodos los niveles
"Autodesk NAVISWORKS. Planificación y Colaboración BIM
Convierte en un Experto en Navisworks. Visualiza, Coordina, Planifica, Colabora, Comparte proyectos BIM.",Daniel Nuñez,"Precio actual
14,99 €
Precio original
49,99 €","8,5 horas en total45 clasesPrincipiante"
"Curso de 3ds Max Básico 2021
¿Te gustaría mejorar la comunicación visual de tus proyectos con herramientas avanzadas de visualización y Renderizado?",CAD HOME,"Precio actual
14,99 €
Precio original
94,99 €",6 horas en total22 clasesTodos los niveles
"Illustrator CC, Técnicas para crear diseños en minutos 0-100
Creación de logotipos de manera profesional en tiempo récord dominando técnicas precisas y elementales del diseño",Leonel Flores,"Precio actual
14,99 €
Precio original
94,99 €","8,5 horas en total21 clasesPrincipiante"
"Intranet en WordPress con Woffice
Aprende a crear una intranet en WordPress usando Woffice y WP Customer Area",Orlando Rengifo Avila,"Precio actual
14,99 €
Precio original
94,99 €","15,5 horas en total85 clasesTodos los niveles"
"UX: Introducción al diseño de Experiencia de Usuario
Construya una base poderosa de conocimientos de Experiencia de Usuario para convertirse en diseñador de UX.",Valentyn-Vladyslav Kotsarenko,"Precio actual
14,99 €
Precio original
94,99 €",4 horas en total30 clasesPrincipiante
"Máster en Animación Avanzada con Autodesk 3ds Max
Aplica la Metodología Avanzada en la Animación 3D para llevar al Máximo Nivel tus Proyectos.",Héctor Uriel Pérez,"Precio actual
14,99 €
Precio original
24,99 €",3 horas en total5 clasesPrincipiante
"Modelador BIM 2022 de cero a experto con REVIT
Aprende a ser un MODELADOR BIM de cero con REVIT arquitectura, estructura , eléctricas y sanitarias.",Mywebstudies,"Precio actual
14,99 €
Precio original
19,99 €",6 horas en total34 clasesTodos los niveles
"Aprende Advanced Custom Fields Pro para WooCommerce
Aprende a crear campos personalizados para asignarlos a tu contenido dentro de WordPress",Carlos Pech,"Precio actual
14,99 €
Precio original
94,99 €",4 horas en total23 clasesTodos los niveles
"Aprende Solidworks diseñando una moto
Para convertirte en un diseñador/@ de clase",Renato Jesús Yacolca Neyra,"Precio actual
14,99 €
Precio original
54,99 €",12 horas en total17 clasesPrincipiante
"Aprende Diseño Grafico Crea diseños ESPECTACULARES con Canva
Conviértete en un experto en diseño para cualquier plataforma con todas las técnicas y herramientas que Canva PRO ofrece",Jonatan Rodríguez,"Precio actual
14,99 €
Precio original
49,99 €",8 horas en total52 clasesTodos los niveles
"Encaje
Técnica Universal de Dibujo",Asun Domínguez,"Precio actual
14,99 €
Precio original
19,99 €","3,5 horas en total26 clasesIntermedio"
"ACUARELA BOTÁNICA: Pintura de flores
Aprende a pintar flores con diferentes texturas, detalles y acabados especiales.",Nicolás Alejandro Flor,"Precio actual
14,99 €
Precio original
44,99 €","7,5 horas en total52 clasesTodos los niveles"
"Aumenta las ventas de tu negocio (Página web y Facebook ADS)
Crea tu página web en tiempo récord",David Julinho Caparachin Ricapa,"Precio actual
14,99 €
Precio original
94,99 €","1,5 horas en total10 clasesPrincipiante"
"QGIS de principiante a experto
Aprende desde lo Básico hasta el nivel Avanzado, fortalece tus conocimientos en el software libre más usado de los SIG",Nicolás Alejandro Flor,"Precio actual
14,99 €
Precio original
19,99 €","8,5 horas en total56 clasesTodos los niveles"
"3DsMax: Crea una habitación realista de forma rápida
Crearas una habitación realista en 3DsMax de forma rápida",Corina De Leon,"Precio actual
29,99 €",8 horas en total103 clasesTodos los niveles
"Curso de AutoCAD Civil 3D Intermedio
Aumenten su conocimiento para el manejo de proyectos en AutoCAD Civil 3D",Rafael Lopez Barajas,"Precio actual
24,99 €","1,5 horas en total20 clasesPrincipiante"
"MASTER STUDY | Crea tu academia en línea en WordPress
Aprende a crear una academia en línea usando solo un tema sin agregar plugins especializados a WordPress",Francisco Rodriguez,"Precio actual
14,99 €
Precio original
34,99 €",8 horas en total51 clasesTodos los niveles
"Clip Studio Paint Herramientas para Cómics
Aprende a usar las herramientas del programa, para dibujar tus historias",Ruth Cepero,"Precio actual
19,99 €",8 horas en total59 clasesTodos los niveles
"Lettering y rotulación de cómics en Clip Studio Paint
Aprende a colocar los diálogos y el acomodo de los globos",Marlon Ceballos,"Precio actual
14,99 €
Precio original
19,99 €",4 horas en total33 clasesTodos los niveles
"Modelado en Zbrush e Impresión 3d 2 !
Aprende a diseñar personajes en Zbrush fácilmente !","Miguel Angel Soto, SDQ Training Center","Precio actual
14,99 €
Precio original
64,99 €","14,5 horas en total54 clasesTodos los niveles"
"Mediciones y cantidades en Revit
Sacale el verdadero potencial a las herramientas BIM. Saca las cantidades de obra de tu proyecto.","Joel Combes, SDQ Training Center","Precio actual
14,99 €
Precio original
19,99 €","2,5 horas en total11 clasesPrincipiante"
"Diseño gráfico & Super curso de Adobe InDesign
Aprende a maquetar tus documentos de manera profesional con Adobe InDesign. Curso desde iniciación hasta nivel avanzado.",Daniel Nuñez,"Precio actual
14,99 €
Precio original
49,99 €","1,5 horas en total15 clasesIntermedio"
"Lean Inception: Design Thinking y Lean StartUp
El método paso a paso para equipos de productos exitosos",Renato Jesús Yacolca Neyra,"Precio actual
14,99 €
Precio original
94,99 €","1,5 horas en total19 clasesTodos los niveles"
"Como Dibujar Poses y Gestos Estilo Cartoon
Dale vida y accion a tus personajes",Kelly Echavarria,"Precio actual
14,99 €
Precio original
94,99 €",2 horas en total11 clasesTodos los niveles
"Adobe illustrator – Desde CERO
Guía definitiva para crear asombrosos diseños gráficos, Aprender todo sobre dibujo vectorial y diseñar impactantes inter","Álvaro García, Formación Certificada, Cursos Online Arquitectura","Precio actual
14,99 €
Precio original
94,99 €","2,5 horas en total16 clasesTodos los niveles"
"Curso Adobe Illustrator Español para Principiantes
Aprende Paso a Paso Illustrator","Álvaro García, Formación Certificada","Precio actual
14,99 €
Precio original
94,99 €",11 horas en total64 clasesTodos los niveles
"Diseño de Terrazas y Jardines de Ciudad
Un lugar especial para compartir",Medardo Ángel Silva,"Precio actual
14,99 €
Precio original
94,99 €","4,5 horas en total29 clasesPrincipiante"
"Curso Intensivo De Autocad Desde Cero-Actualizado 2021-2022
Curso completo que nos proporcionará los conocimientos necesarios para diseñar en Autocad cualquier proyecto en 2D",Libel Academy,"Precio actual
14,99 €
Precio original
24,99 €","9,5 horas en total13 clasesTodos los niveles"
"Revit Arquitectura. Curso completo para desarrollar proyecto
Ve de cero a avanzado y vive del diseño arquitectónico con tan solo 6 horas de curso",Rolando Diego Nobile,"Precio actual
14,99 €
Precio original
19,99 €",2 horas en total25 clasesPrincipiante
"Diseño 3D en JavaScript: introducción a JSCAD
Crea modelos 3D paramétricos listos para imprimir empleando nada más que tu navegador web y un editor de texto.",Eduardo Alonso,"Precio actual
14,99 €
Precio original
19,99 €","5,5 horas en total15 clasesTodos los niveles"
"Aprende Onshape desde 0 - Modela 3D con programa CAD gratis
Modelado 3D, diseño 3D, diseño CAD, productos, herramienta de diseño para impresión 3D, en español, modelado en 3D, 3D",Matias Poggio,"Precio actual
14,99 €
Precio original
19,99 €","15,5 horas en total105 clasesTodos los niveles"
"Creación de personaje estilizado en Blender
Aprende el flujo de trabajo completo, las técnicas y herramientas utilizadas en la creación de personajes estilizados.",Cintia Robert,"Precio actual
14,99 €
Precio original
94,99 €","12,5 horas en total105 clasesTodos los niveles"
"Marketing y Promoción de Proyectos Musicales Independientes
MARKETING MUSICAL | COMO MONETIZAR TU MÚSICA Y TUS BEATS",Renato Jesús Yacolca Neyra,"Precio actual
14,99 €
Precio original
94,99 €",8 horas en total105 clasesTodos los niveles
"Professional Impresión 3D FDM y SLA
Creacion de prototipos y modelo de negocio con impresion en resina y plasticos",Andreina D'Ambruoso,"Precio actual
14,99 €
Precio original
34,99 €",8 horas en total46 clasesTodos los niveles
"¡Aprenda a diseñar personajes!
Diseño de personajes desde cero.",deDrones Academy,"Precio actual
14,99 €
Precio original
24,99 €",4 horas en total8 clasesTodos los niveles
"Adobe Illustrator Máster: TODO de Cero a Experto 2022
Aprende diseño vectorial con Illustrator, crear dibujos digitales, personajes, logos, ilustraciones, elementos 3D..",Leonardo Rincon,"Precio actual
14,99 €
Precio original
19,99 €","3,5 horas en total31 clasesTodos los niveles"
"D5 Render. Representación Arquitectónica en Tiempo Real
El software de vídeo renderizado 3d para arquitectura que está revolucionando la visualizaciones tridimensionales.",Mauricio Alfaro Peña,"Precio actual
14,99 €
Precio original
94,99 €","1,5 horas en total16 clasesTodos los niveles"
"Texturizado estilizado para videojuegos con Blender
Aprende todo lo necesario para crear texturas y materiales estilizados con las herramientas de Blender",CENCOM Solar,"Precio actual
14,99 €
Precio original
19,99 €","18,5 horas en total220 clasesExperto"
"Curso Inventor Profesional Básico - avanzado 2022
Prepárate para obtener conocimientos de diseño 3D en autodesk INVENTOR",Ruth Cepero,"Precio actual
14,99 €
Precio original
19,99 €",80 horas en total68 clasesTodos los niveles
"Diseño Web Básico con Webflow
Aprende a diseñar, crear, administrar y mantener tu web sin depender de nadie. Tu primera web, lista en 2 horas.",Marlon Ceballos,"Precio actual
14,99 €
Precio original
94,99 €",4 horas en total19 clasesTodos los niveles
"Aprende Corel Draw Básico
Una guía para principiantes: Creación de logotipos y material publicitario","Miguel Angel Soto, SDQ Training Center","Precio actual
14,99 €
Precio original
34,99 €",5 horas en total68 clasesPrincipiante
"Experto en Articulate Storyline 3 y Storyline 360
La herramienta de e-learning profesional","Joel Combes, SDQ Training Center","Precio actual
14,99 €
Precio original
19,99 €",8 horas en total40 clasesTodos los niveles
"Curso de Revit Avanzado 2021
Aumenta tu conocimiento para realizar proyectos BIM con herramientas avanzadas de desarrollo de proyectos constructivos.",Daniel Nuñez,"Precio actual
14,99 €
Precio original
49,99 €",2 horas en total11 clasesTodos los niveles
"Curso Introductorio para el Decorador Moderno
Nueve Herramientas para decorar exitosamente. Guia Teórica",Libel Academy,"Precio actual
14,99 €
Precio original
94,99 €",3 horas en total35 clasesPrincipiante
"Bootcamp diseño UX /UI: aprende Design Thinking y Figma
Experiencia de usuario, de forma práctica desde la investigación UX hasta la creación de un prototipo navegable en Figma",Juan Camilo Maz,"Precio actual
14,99 €
Precio original
94,99 €","7,5 horas en total14 clasesIntermedio"
"Adobe After Effects CC - de 0 a Nivel Avanzado
Aprende todo sobre Adobe After Effects desde cero y domina el mejor software de efectos especiales",Carlos Pech,"Precio actual
14,99 €
Precio original
94,99 €",3 horas en total50 clasesTodos los niveles
"Adobe Illustrator CC - de Novato a Ilustrador Experto
Aprende todo sobre Adobe Illustrator cc desde cero y domina el mejor software de vectorización",José Armando Caballero Cruz,"Precio actual
14,99 €
Precio original
94,99 €",1 hora en total8 clasesTodos los niveles
"Adobe InDesign CC - Editor Profesional
Aprende todo sobre Adobe InDesign cc desde cero y domina el preferido por las editoriales",José Alejandro Zubieta,"Precio actual
14,99 €
Precio original
64,99 €",6 horas en total45 clasesTodos los niveles
"Cómo Crear una Tienda Online con WordPress Desde Cero 2023
Aprende a cómo crear una tienda online con WordPress para vender tus productos por Internet de forma fácil y simple.",Libel Academy,"Precio actual
14,99 €
Precio original
19,99 €","4,5 horas en total30 clasesPrincipiante"
"Autodesk Advance Steel 2022, Curso básico-Intermedio
AUTODESK ADVANCE STEEL 2022",Javier Cañas,"Precio actual
14,99 €
Precio original
44,99 €",3 horas en total22 clasesPrincipiante
"Aprende diseño y construcción de muebles con PROMOB PLUS
Dibuja de manera más sencilla pero profesional tus muebles, además optimiza tus materiales para corte, dibuja y produce",Rene Espinoza,"Precio actual
14,99 €
Precio original
19,99 €",2 horas en total16 clasesIntermedio
"Diseño gráfico e impresión con CorelDraw
Obten dinero extra sin invertir ni un solo peso con este modelo de negocio.",Juan Gutierrez,"Precio actual
14,99 €
Precio original
34,99 €",12 horas en total59 clasesPrincipiante
"Lectura y creación de planos con CATIA V5
Interpretación y creación de planos CATIA V5 - MODULO DRAFTING CATIA V5",Manuel García Pallarés,"Precio actual
14,99 €
Precio original
64,99 €",1 hora en total6 clasesIntermedio
"Curso básico de modelado con SMARTPLANT 3D desde cero.
Conoce desde cero el programa de diseño Smartplant 3d para plantas Industriales",Karen Montero,"Precio actual
14,99 €
Precio original
49,99 €","8,5 horas en total56 clasesTodos los niveles"
"Crea patrones bases de mujer con el software de PatroneoKEY
Crea patrones bases con las herramientas que usan los profesionales del sector textil.",Libel Academy,"Precio actual
19,99 €",3 horas en total14 clasesTodos los niveles
"Descarga Proyecto profesional 100% en Revit
Aprende mediante un ejemplo profesional.","Álvaro García, Formación Certificada, Cursos Online Arquitectura","Precio actual
14,99 €
Precio original
19,99 €","1,5 horas en total25 clasesPrincipiante"
"Topografía y Explanaciones con AutoDesk Civil 3D
Puntos topográficos, creación de superficies, terrazas, calculo de moviemiento de tierra, secciones transversales",Felix Alonso Diaz,"Precio actual
14,99 €
Precio original
94,99 €",7 horas en total53 clasesPrincipiante
"Crea una TIENDA o E-COMMERCE PROFESIONAL de 0 a 100
Esta es una capacitación 100% práctica donde aprenderás desde 0 como crear de manera efectiva un E-Commerce","Álvaro García, Formación Certificada, Cursos Online Arquitectura","Precio actual
14,99 €
Precio original
84,99 €",5 horas en total38 clasesPrincipiante
"Ilustración digital con Photoshop
Cómo dibujar y diseñar paso a paso en Adobe Photoshop",Nevenka Rades,"Precio actual
14,99 €
Precio original
19,99 €","2,5 horas en total18 clasesPrincipiante"
"Procreate Masterclass: Dibujo digital para el iPad
Aprende a dibujar con Procreate digitalmente en el iPad. Una clase magistral de arte digital para expresar tu ser único",Ruth Cepero,"Precio actual
14,99 €
Precio original
19,99 €",6 horas en total37 clasesIntermedio
"Curso de Solidworks
Nivel inicial",Marlon Ceballos,"Precio actual
109,99 €",6 horas en total21 clasesTodos los niveles
"Zoho Sales IQ: Comunicación efectiva con tus clientes
Aprende a crear y configurar un chatbot interactivo para cualquier sitio web","Miguel Angel Soto, SDQ Training Center","Precio actual
14,99 €
Precio original
19,99 €",3 horas en total25 clasesTodos los niveles
"Planimetría con Tekla Structures(Detallado en acero)
TEKLA STRUCTURES ( Drawing Steel)","Joel Combes, SDQ Training Center","Precio actual
14,99 €
Precio original
29,99 €",3 horas en total17 clasesPrincipiante
"Curso de Revit Modelado de Familias 2021
Aumenta tu conocimiento y realiza Familias de Simbología, Componentes Parametrizados 3D de Arquitectura, MEP, Estructura",Daniel Nuñez,"Precio actual
14,99 €
Precio original
49,99 €","38,5 horas en total276 clasesTodos los niveles"
"Diseño y Construcción virtual con Revit
Construcción virtual BIM",Sonia Garcia,"Precio actual
14,99 €
Precio original
94,99 €",1 hora en total19 clasesExperto
"Adobe Ilustrator CC para todos - Desde cero
Aprenda Ilustrator de forma sencilla y rápida","Álvaro García, Formación Certificada, Cursos Online Arquitectura","Precio actual
14,99 €
Precio original
94,99 €","5,5 horas en total13 clasesTodos los niveles"
"Boceto Digital para Diseñar Layout Fiestas, Globos y Eventos
Aprende a crear Bocetos Digitales con Programa de Diseño 3D para Montaje Digital en Decoración Bodas, Globos y Candy Bar",Álvaro Fajardo,"Precio actual
14,99 €
Precio original
94,99 €",2 horas en total23 clasesTodos los niveles
"SketchUp fácil y rápido
Modelado arquitectónico 3D","Álvaro García, Formación Certificada, Cursos Online Arquitectura","Precio actual
14,99 €
Precio original
94,99 €","13,5 horas en total55 clasesTodos los niveles"
"Como crear tu concepto innovador para cualquier Retail
Empieza a desarrollar tu nueva tienda","Álvaro García, Formación Certificada, Cursos Online Arquitectura","Precio actual
14,99 €
Precio original
29,99 €","13,5 horas en total90 clasesTodos los niveles"
"Diseño iluminacion de casa de dos plantas en Dialux
Capitulo 1",Cinthia Castillo,"Precio actual
14,99 €
Precio original
19,99 €","10,5 horas en total45 clasesTodos los niveles"
"Adobe Illustrator CC ¡DESDE CERO!: Curso para principiantes
Crearás geniales gráficos vectoriales y tendrás la habilidad de crear tu propio logotipo en Adobe Illustrator CC",Manuel Riquelme,"Precio actual
14,99 €
Precio original
69,99 €",26 horas en total101 clasesPrincipiante
"After Effects para emprendedores
Crea un video promocional desde cero en After Effects",Karina Mejia,"Precio actual
14,99 €
Precio original
19,99 €",2 horas en total16 clasesPrincipiante
"Sitio web con HTML y Bootstrap desde CERO
Aprenda HTML y Bootstrap y construye un sitio web HTML",Edgar Wolv,"Precio actual
14,99 €
Precio original
19,99 €",39 minutos en total6 clasesPrincipiante
"Realidad Virtual 360 aplicada al Diseño e Interiorismo
Genera nuevos contenidos aplicando la Realidad Virtual 360 a proyectos de arquitectura, diseño e interiorismo.",Renato Jesús Yacolca Neyra,"Precio actual
199,99 €","7,5 horas en total33 clasesTodos los niveles"
"Experto en colores para diseño
Conoce las bases de teoría y psicología del color para crear diseños que impacten","Chicvoyage Productions, Selma Estremadoiro, Rosanne Schipper","Precio actual
14,99 €
Precio original
94,99 €",10 horas en total57 clasesTodos los niveles
"VTUBER 3D ESTILO ANIME Masterclass de 0 a Profesional
¡Aprende a hacer a tu personaje estilo Anime 3D sin saber modelar para usarlo o venderlo a tus clientes como Freelance!",Jose Gregorio Guevara Liendo,"Precio actual
14,99 €
Precio original
19,99 €",3 horas en total8 clasesIntermedio
"Aprende Blender desde cero de forma CREATIVA
Entra en el mundo de Blender para crear increíbles modelos 3D, escenarios y ambientes. (Compatible con todas versiones)","Jonathan Aguilar Gonzalez, Konrad Peschka","Precio actual
14,99 €
Precio original
29,99 €","21,5 horas en total152 clasesTodos los niveles"
"Crea y Vende Láminas Personalizadas con Photoshop
Genera ingresos diseñando y vendiendo láminas personalizadas. Desde cero, crearas un producto directo para la venta.",Karla Graterol,"Precio actual
14,99 €
Precio original
94,99 €","10,5 horas en total67 clasesTodos los niveles"
"Master de Modelado de Props Para Series Animadas
Maya de 0 a 100",Miguel Pena Puertolas,"Precio actual
14,99 €
Precio original
69,99 €",8 horas en total45 clasesTodos los niveles
"Canva para Principiantes
Aprende a usar una herramienta de diseño web",María Fe K.,"Precio actual
14,99 €
Precio original
19,99 €","3,5 horas en total80 clasesTodos los niveles"
"Adobe Animate Animación 2d+Interactividad Android/iOS, HTML5
Aprende Animación 2d e interactividad y Videojuegos en Adobe Animate, revisa los videos gratis (editables incluidos)",Ruth Cepero,"Precio actual
14,99 €
Precio original
94,99 €",2 horas en total18 clasesTodos los niveles
"Como encontrar imágenes gratuitas para diseños digitales
Encontraras elementos suficientes para crear infinidad de diseños con ilustraciones diferentes para tus redes sociales.",Marlon Ceballos,"Precio actual
14,99 €
Precio original
19,99 €","11,5 horas en total47 clasesIntermedio"
"Curso de SOLIDWORKS 2022 para principiantes hasta avanzado
Aprende a crear piezas, dibujos, planos, ensamblajes y todo lo que tu imaginación requiera con este Curso de SOLIDWORKS","Miguel Angel Soto, SDQ Training Center","Precio actual
14,99 €
Precio original
94,99 €","6,5 horas en total23 clasesTodos los niveles"
"Animación CGI 3D con UNITY
Producciones para Principiantes con Unity","Joel Combes, SDQ Training Center","Precio actual
14,99 €
Precio original
19,99 €",8 horas en total16 clasesTodos los niveles
"QGIS Planes, Mapas y Estudios Urbanísticos. Software Libre
Curso Completo Sistema de Información Geográfica de Software Libre y de Código Abierto",Daniel Nuñez,"Precio actual
14,99 €
Precio original
49,99 €","9,5 horas en total29 clasesIntermedio"
"Dibuja como un Arquitecto: de la perspectiva a los detalles
Aprende a dibujar como un arquitecto, desde cero y en menos de una hora.",Alfredo Gutierrez Garcia,"Precio actual
14,99 €
Precio original
94,99 €",4 horas en total7 clasesPrincipiante
"Curso de Dibujo: Retrato
principios básicos del dibujo del rostro",Moises Baxin,"Precio actual
14,99 €
Precio original
94,99 €",6 horas en total10 clasesTodos los niveles
"AutoCAD con Cyana Ingeniería
Enfocado en el aumento de la productividad y corrección de errores","Álvaro García, Formación Certificada, Cursos Online Arquitectura","Precio actual
14,99 €
Precio original
94,99 €",1 hora en total11 clasesIntermedio
"Curso Diseño y Decoración para bodas y eventos
Aprende a decorar y diseñar bodas, fiestas y eventos generando ingresos aunque no tengas experiencia","Álvaro García, Formación Certificada, Cursos Online Arquitectura","Precio actual
14,99 €
Precio original
94,99 €",5 horas en total48 clasesIntermedio
"Diseño de Caricaturas desde Cero
Aprende como dibujar caricaturas como las que ves en tv, !desde cero!.",Leopoldo Juárez Ramírez,"Precio actual
14,99 €
Precio original
94,99 €","10,5 horas en total59 clasesIntermedio"
"Moda y Costura + Reciclaje de Prendas
Comienza a reciclar prendas y crear objetos textiles desde una mirada sustentable. Aprende costura a mano y con máquina.",José Alejandro Zubieta,"Precio actual
24,99 €",5 horas en total33 clasesTodos los niveles
"Aerografía desde Cero
Introduciéndose al apasionante mundo de la aerografía.",Raul Martinez,"Precio actual
14,99 €
Precio original
19,99 €",18 horas en total91 clasesTodos los niveles
"Introducción a la Sastrería: diseño de chaqueta estructurada
El curso mas completo con enfoque en sastrería en donde aprenderás paso a paso como hacer una chaqueta smoking",Sebastián Burgio,"Precio actual
14,99 €
Precio original
19,99 €",9 horas en total29 clasesPrincipiante
"Galapagos y Biomorpher en Grasshopper: Al Bahr como ejemplo
Ejercicio guiado para prototipado rápido de una de las fachadas tipo Al Bahr",Rubén Alvarez,"Precio actual
14,99 €
Precio original
19,99 €","1,5 horas en total29 clasesPrincipiante"
"Certificación VRay para 3dsMax
Curso de preparación para certificación oficial",Luis Santos santos,"Precio actual
14,99 €
Precio original
29,99 €","6,5 horas en total23 clasesIntermedio"
"Introducción al análisis ambiental en Ladybug de Grasshopper
Gráficas climáticas interactivas, estudios de radiación, soleamiento y vientos, así como IA aplicada a la envolvente",Raul Martinez,"Precio actual
14,99 €
Precio original
24,99 €",6 horas en total17 clasesTodos los niveles
"Curso de Navisworks Manage 2021
Navisworks Manage revisa de manera integral los proyectos de construcción modelados con Revit y su metodología BIM.",Jonathan Arias,"Precio actual
14,99 €
Precio original
19,99 €",9 horas en total55 clasesTodos los niveles
"Diseña Estampados para imprimir en telas y productos.
Aprende a crear estampados que puedas monetizar e imprimir en tus telas y productos",Carlos Pech,"Precio actual
14,99 €
Precio original
94,99 €","1,5 horas en total18 clasesPrincipiante"
"Rig facial para animación en Maya
Aprende a crear un rig facial profesional para animacion - Vol. 2 del curso personajes infantiles para animación",KRIPER Artista Plástico,"Precio actual
14,99 €
Precio original
94,99 €","3,5 horas en total10 clasesTodos los niveles"
"Photoshop CS6
Uso y Manejo de Photoshop CS6",Katherine Vega,"Precio actual
14,99 €
Precio original
19,99 €","2,5 horas en total10 clasesPrincipiante"
"Solidworks Cam CamWorks
Generacion de codigo G mediante solidos, basado en estrategias",Francisco Bustos,"Precio actual
14,99 €
Precio original
19,99 €",30 minutos en total8 clasesTodos los niveles
"Curso de Impresión 3D, conviértete en un PRO
Modelado 3D, Componentes, teoría, software, solución de problemas, materiales, temas avanzados",Ruth Cepero,"Precio actual
14,99 €
Precio original
49,99 €",37 minutos en total5 clasesPrincipiante
"Como dibujar animales estilo cartoon
¡aprende a dibujar de manera sencilla a nuestros amigos de la naturaleza!",Marlon Ceballos,"Precio actual
14,99 €
Precio original
44,99 €",8 horas en total43 clasesPrincipiante
"Curso de Photoshop CC : Como crear PORTADAS para tus CDs
diseña tus covers para tus canciones con la mejor calidad usando photoshop","Miguel Angel Soto, SDQ Training Center","Precio actual
14,99 €
Precio original
19,99 €","6,5 horas en total26 clasesIntermedio"
"Curso de Revit 2022 para principiantes desde cero
Ingresa al mundo BIM con este Curso de Revit 2022. Comprende la creación de un proyecto de construcción completo.","Joel Combes, SDQ Training Center","Precio actual
14,99 €
Precio original
19,99 €","4,5 horas en total71 clasesPrincipiante"
"Eleva tu modelo 3D a un siguiente nivel, con Blender 2.93.
Si sabes modelar con subdivisiones es hora de optimizar y preparar tu modelo para texturizarlo, ampliando tu portfolio.",Daniel Nuñez,"Precio actual
14,99 €
Precio original
49,99 €",1 hora en total10 clasesTodos los niveles
"Dibujar anime personajes fantasía
Dibujo anime",Jean Pierre Delgado Gonzales,"Precio actual
14,99 €
Precio original
94,99 €",1 hora en total20 clasesPrincipiante
"Experto en Diseño y Fabricación de FoodTruck o Gastronetas
Conviértete en un Experto en el Diseño de Restaurantes Móviles mediante Vehículos para Cocinar y Servir",Rodolfo Boscan,"Precio actual
14,99 €
Precio original
94,99 €","26,5 horas en total66 clasesTodos los niveles"
"Experto en Diseño de Fachadas y Paramentos Exteriores
Conviértete en un Experto en el Diseño de todo tipo de Fachadas y Acabos Exteriores en Edificación",Leopoldo Juárez Ramírez,"Precio actual
14,99 €
Precio original
94,99 €",6 horas en total10 clasesPrincipiante
"CANVA para EMPRENDEDORES - De Principiante a EXPERTO
Conviértete en experto en diseño para tus propias piezas gráficas y diseños profesionales con Canva",Raul Martinez,"Precio actual
14,99 €
Precio original
94,99 €","2,5 horas en total14 clasesPrincipiante"
"Experto en Diseño y Ejecución de Escaleras
Conviértete en un Experto en el Diseño de Escaleras de cualquier tipología",Edgar Wolv,"Precio actual
14,99 €
Precio original
94,99 €","20,5 horas en total123 clasesExperto"
"Dibujo e ilustración digital en Clip Studio Paint
Una guía completa sobre el proceso a seguir durante la creación y trazo de una ilustración digital",Edgar Wolv,"Precio actual
14,99 €
Precio original
19,99 €",42 minutos en total7 clasesPrincipiante
"Curso 2021 Blender 2.93/3.0 desde Bronce a Diamante.
Todo lo que necesitas para usar de manera avanzada Blender, modelado, texturizado y técnicas profesionales.",Christian Olmedo Regalado Sarmiento,"Precio actual
14,99 €
Precio original
19,99 €","28,5 horas en total126 clasesTodos los niveles"
"Decluttering. Organización de Espacios y Ambientes Interior
Conviértete en un Experto en el Diseño de Interiores Ordenados, Organizados, Limpios y en Armonía",Juan David Barona,"Precio actual
14,99 €
Precio original
19,99 €",36 minutos en total7 clasesTodos los niveles
"Model Sheet: diseño de personajes
Aprende a representar tu personaje de forma profesional a través de un Model sheet para su posterior modelado en 3D.",Manuel García Pallarés,"Precio actual
14,99 €
Precio original
39,99 €",5 horas en total28 clasesExperto
"After Effects - Anima explainer vídeos con motion graphics
Aprende a dominar After Effects a través de la animación de un video promocional utilizando técnicas de motion graphics",Paulo Caroli,"Precio actual
14,99 €
Precio original
39,99 €","7,5 horas en total32 clasesPrincipiante"
"Curso de Revit Structure 2021
¿Te gustaría ser más productivo y desarrollar proyectos de estructuras con las herramientas de modelado de Revit?",Hector Ulises Gonzalez Ornelas,"Precio actual
14,99 €
Precio original
19,99 €",8 horas en total69 clasesTodos los niveles
"Introducción al 3D y Fotorealismo
con SKETCHUP Y LUMION 11","Julio Ce, Casta Tutors","Precio actual
24,99 €",1 hora en total12 clasesPrincipiante
"Autodesk Inventor Intermedio
Autodesk Inventor Intermedio",Valeria Digital,"Precio actual
14,99 €
Precio original
94,99 €","4,5 horas en total22 clasesTodos los niveles"
"Experto en Diseño y Ejecución de Bodegas
Conviértete en un Experto en el Diseño de Espacios destinados al Almacenamiento y Conservación de distintos Bienes",Karina Mejia,"Precio actual
14,99 €
Precio original
49,99 €",3 horas en total17 clasesIntermedio
"Experto Diseño de Viviendas Prefabricadas e Industrializadas
Conviértete en un Experto en el Diseño de Edificaciones y Construcciones Completas creadas en Fabricas",Clemente Tinajero Diaz,"Precio actual
14,99 €
Precio original
19,99 €","2,5 horas en total17 clasesTodos los niveles"
"Experto en Diseño de Viviendas Energéticamente Pasivas
Conviértete en un Experto en el Diseño de Edificaciones y Construcciones Passivhaus. Crea un Mundo Más Sostenible.",Juan David Barona,"Precio actual
14,99 €
Precio original
19,99 €",4 horas en total36 clasesPrincipiante
"Experto en Diseño y Construcción de Proyectos en Madera
Conoce las claves del diseño, ejecución y construcción en madera. Conviértete en un Profesional",Ruth Cepero,"Precio actual
14,99 €
Precio original
19,99 €","2,5 horas en total20 clasesPrincipiante"
"Experto en Diseño de Espacios y Ambientes para Mascotas
Conviértete en un Experto en el Diseño de Hogares y Espacios destinados a todo tipo de Mascotas: perros, gatos, pájaros",Marlon Ceballos,"Precio actual
14,99 €
Precio original
24,99 €","6,5 horas en total22 clasesPrincipiante"
"Curso CSWA Solidworks
Certificado CSWA","Miguel Angel Soto, SDQ Training Center","Precio actual
14,99 €
Precio original
69,99 €","5,5 horas en total23 clasesIntermedio"
